{
  "edge_dropout_rate": 0.1,
  "attack_rate": 0.1,
  "seed": 42,
  "normal": {
    "clean": {
      "precision": 0.779784356014918,
      "recall": 0.8089984748968686,
      "f1": 0.7855248649171582
    },
    "edge_removal_10": {
      "precision": 0.7778319699984061,
      "recall": 0.8068046138003061,
      "f1": 0.7844166538936593
    },
    "edge_addition_10": {
      "precision": 0.7758563991266421,
      "recall": 0.80560977027455,
      "f1": 0.7805380444892168
    },
    "feature_noise_10": {
      "precision": 0.7635785997975112,
      "recall": 0.587163695688844,
      "f1": 0.6042657912104294
    },
    "robustness_drops": {
      "edge_removal_10": 0.0011082110234988951,
      "edge_addition_10": 0.0049868204279414075,
      "feature_noise_10": 0.18125907370672878
    }
  },
  "defended": {
    "clean": {
      "precision": 0.7818093726670055,
      "recall": 0.8131613028986951,
      "f1": 0.7884025289661228
    },
    "edge_removal_10": {
      "precision": 0.783520180402667,
      "recall": 0.8153854227279105,
      "f1": 0.7906484545043984
    },
    "edge_addition_10": {
      "precision": 0.7765151786124066,
      "recall": 0.8044186754344006,
      "f1": 0.7792576904148772
    },
    "feature_noise_10": {
      "precision": 0.7469345101616292,
      "recall": 0.5196554385775778,
      "f1": 0.5268478811099219
    },
    "robustness_drops": {
      "edge_removal_10": -0.0022459255382755172,
      "edge_addition_10": 0.009144838551245593,
      "feature_noise_10": 0.261554647856201
    }
  }
}