{
  "baseline": {
    "nc": {
      "precision": 0.779784356014918,
      "recall": 0.8089984748968686,
      "f1": 0.7855248649171582
    },
    "lp": {
      "precision": 0.697632058287796,
      "recall": 0.7260663507109004,
      "f1": 0.711565257779842,
      "auc": 0.7794182520608253
    }
  },
  "edge_removal": {
    "5%": {
      "rate": 0.05,
      "nc": {
        "precision": 0.7710858233745084,
        "recall": 0.7989019365914342,
        "f1": 0.7776760960017335
      },
      "lp": {
        "precision": 0.6486079759217457,
        "recall": 0.8170616113744076,
        "f1": 0.7231543624161074,
        "auc": 0.7773455223377732
      },
      "nc_robustness_drop": 0.007848768915424742,
      "lp_robustness_drop": -0.01158910463626539
    },
    "10%": {
      "rate": 0.1,
      "nc": {
        "precision": 0.7774957674398395,
        "recall": 0.8049043455412954,
        "f1": 0.7849421246164413
      },
      "lp": {
        "precision": 0.6321922796795338,
        "recall": 0.8227488151658767,
        "f1": 0.71499176276771,
        "auc": 0.7749888816513555
      },
      "nc_robustness_drop": 0.0005827403007169218,
      "lp_robustness_drop": -0.0034265049878680065
    },
    "20%": {
      "rate": 0.2,
      "nc": {
        "precision": 0.7649367507860317,
        "recall": 0.7946566990394668,
        "f1": 0.7691178673404119
      },
      "lp": {
        "precision": 0.6288147622427254,
        "recall": 0.8398104265402844,
        "f1": 0.7191558441558441,
        "auc": 0.7666943689494845
      },
      "nc_robustness_drop": 0.01640699757674635,
      "lp_robustness_drop": -0.007590586376002073
    }
  },
  "edge_addition": {
    "5%": {
      "rate": 0.05,
      "nc": {
        "precision": 0.7760935563723036,
        "recall": 0.8156273013802877,
        "f1": 0.7863110403035652
      },
      "lp": {
        "precision": 0.6534810126582279,
        "recall": 0.7829383886255924,
        "f1": 0.7123760241483398,
        "auc": 0.7714040565126569
      },
      "nc_robustness_drop": -0.0007861753864070176,
      "lp_robustness_drop": -0.0008107663684977506
    },
    "10%": {
      "rate": 0.1,
      "nc": {
        "precision": 0.7609089830592828,
        "recall": 0.8048399953110017,
        "f1": 0.7727126292162428
      },
      "lp": {
        "precision": 0.6620521172638436,
        "recall": 0.7706161137440758,
        "f1": 0.7122207621550591,
        "auc": 0.7682379101996812
      },
      "nc_robustness_drop": 0.012812235700915386,
      "lp_robustness_drop": -0.0006555043752171086
    },
    "20%": {
      "rate": 0.2,
      "nc": {
        "precision": 0.7398816845321184,
        "recall": 0.7888640817861555,
        "f1": 0.7491886268628142
      },
      "lp": {
        "precision": 0.5929549902152642,
        "recall": 0.861611374407583,
        "f1": 0.7024729520865534,
        "auc": 0.7548024527750948
      },
      "nc_robustness_drop": 0.03633623805434405,
      "lp_robustness_drop": 0.009092305693288671
    }
  },
  "feature_noise": {
    "5%": {
      "rate": 0.05,
      "nc": {
        "precision": 0.739373650860032,
        "recall": 0.7758465496509714,
        "f1": 0.7409965063871508
      },
      "lp": {
        "precision": 0.600843288826423,
        "recall": 0.8104265402843602,
        "f1": 0.6900726392251816,
        "auc": 0.7235066597785316
      },
      "nc_robustness_drop": 0.04452835853000747,
      "lp_robustness_drop": 0.021492618554660448
    },
    "10%": {
      "rate": 0.1,
      "nc": {
        "precision": 0.7514383784897697,
        "recall": 0.28922895237259577,
        "f1": 0.21877501860217102
      },
      "lp": {
        "precision": 0.5397369925671812,
        "recall": 0.8947867298578199,
        "f1": 0.6733238231098431,
        "auc": 0.6993328990813323
      },
      "nc_robustness_drop": 0.5667498463149871,
      "lp_robustness_drop": 0.038241434669998964
    },
    "20%": {
      "rate": 0.2,
      "nc": {
        "precision": 0.5559368017874242,
        "recall": 0.17901782325222912,
        "f1": 0.10272293830939681
      },
      "lp": {
        "precision": 0.0,
        "recall": 0.0,
        "f1": 0.0,
        "auc": 0.5
      },
      "nc_robustness_drop": 0.6828019266077614,
      "lp_robustness_drop": 0.711565257779842
    }
  }
}